Fold,Accuracy,RMSE
1,0.8247422680412371,0.41863794854117425
2,0.845360824742268,0.39324187881980727
3,0.7731958762886598,0.47623956546190094
4,0.8350515463917526,0.4061384660534476
5,0.8333333333333334,0.408248290463863
Mean,0.8223367697594501,0.4205012298680386
Std,0.025429553264604804,0.029016304382480883
